<?xml version="1.0" encoding="UTF-8" standalone="yes" ?><cp:coreProperties xmlns:cp="http://schemas.openxmlformats.org/package/2006/metadata/core-properties" xmlns:dc="http://purl.org/dc/elements/1.1/" xmlns:dcmitype="http://purl.org/dc/dcmitype/" xmlns:dcterms="http://purl.org/dc/terms/" xmlns:xsi="http://www.w3.org/2001/XMLSchema-instance"><cp:category>Model</cp:category><dcterms:created xsi:type="dcterms:W3CDTF">2023-04-26T19:18:12Z</dcterms:created><dc:creator>13199959938</dc:creator><cp:lastModifiedBy>13199959938</cp:lastModifiedBy><dcterms:modified xsi:type="dcterms:W3CDTF">2023-04-26T20:07:04Z</dcterms:modified><cp:revision>1.4</cp:revision><cp:version>R2017a</cp:version></cp:coreProperties>